MUNICIPIO,DEPARTAMENTO
Manaure,La Guajira
Aguazul,Casanare
Cunday,Tolima
Pisba,Boyacá
Cali,Valle del Cauca
Popayán,Cauca
Gualmatán,Nariño
Chaguaní,Cundinamarca
Guaduas,Cundinamarca
Barrancabermeja,Santander
San José de Uré,Córdoba
Calamar,Guaviare
Guaranda,Sucre
Moniquirá,Boyacá
Caracolí,Antioquia
Manta,Cundinamarca
Heliconia,Antioquia
Buesaco,Nariño
Puerto Tejada,Cauca
Guadalupe,Antioquia
San José de Pare,Boyacá
La Paz,Cesar
Remedios,Antioquia
Iles,Nariño
Labranzagrande,Boyacá
Sibaté,Cundinamarca
Topaipí,Cundinamarca
Villapinzón,Cundinamarca
Sandoná,Nariño
San Mateo,Boyacá
Monguí,Boyacá
Somondoco,Boyacá
San Antero,Córdoba
Caloto,Cauca
Polonuevo,Atlántico
Suárez,Cauca
Cerinza,Boyacá
Ráquira,Boyacá
Tello,Huila
San Andrés,Santander
Nobsa,Boyacá
Achí,Bolívar
Remolino,Magdalena
Villagarzón,Putumayo
Concepción,Antioquia
Timaná,Huila
Curillo,Caquetá
Santa Bárbara,Santander
Ancuyá,Nariño
Chiriguaná,Cesar
Bituima,Cundinamarca
Palmito,Sucre
Yondó,Antioquia
Consaca,Nariño
Valparaíso,Caquetá
Valparaíso,Antioquia
Gachetá,Cundinamarca
Santa Bárbara de Pinto,Magdalena
La Tebaida,Quindío
Pandi,Cundinamarca
Puerto Rondón,Arauca
Aranzazu,Caldas
El Águila,Valle del Cauca
Policarpa,Nariño
Concepción,Santander
Santacruz,Nariño
Restrepo,Meta
Agua de Dios,Cundinamarca
Onzaga,Santander
Chiscas,Boyacá
San Roque,Antioquia
Capitanejo,Santander
Páramo,Santander
Titiribí,Antioquia
Argelia,Valle del Cauca
Juan de Acosta,Atlántico
Plato,Magdalena
San Carlos,Córdoba
Jordán,Santander
Istmina,Chocó
Puerto Gaitán,Meta
Sativasur,Boyacá
Riofrío,Valle del Cauca
Tolú Viejo,Sucre
Málaga,Santander
Paime,Cundinamarca
Frontino,Antioquia
Agrado,Huila
La Cruz,Nariño
Ramiriquí,Boyacá
Santa Bárbara,Nariño
Chita,Boyacá
Luruaco,Atlántico
Toledo,Norte de Santander
Uribia,La Guajira
San Marcos,Sucre
Cajibío,Cauca
Turmequé,Boyacá
Alto Baudo,Chocó
Pacho,Cundinamarca
El Copey,Cesar
Abrego,Norte de Santander
Candelaria,Valle del Cauca
San Pedro de Cartago,Nariño
Silos,Norte de Santander
Sesquilé,Cundinamarca
Acacias,Meta
Santa Catalina,Bolívar
Puerto Boyacá,Boyacá
San Fernando,Bolívar
Nátaga,Huila
Colón,Putumayo
Herveo,Tolima
Briceño,Boyacá
Pasto,Nariño
Florencia,Cauca
Itagui,Antioquia
Caicedo,Antioquia
El Retén,Magdalena
Guaca,Santander
Sabana de Torres,Santander
Solita,Caquetá
Matanza,Santander
Lorica,Córdoba
Condoto,Chocó
El Castillo,Meta
Boavita,Boyacá
Purificación,Tolima
Ayapel,Córdoba
Lourdes,Norte de Santander
Busbanzá,Boyacá
Bajo Baudó,Chocó
Puracé,Cauca
Puerto Caicedo,Putumayo
Guaitarilla,Nariño
Curumaní,Cesar
San Martín de Loba,Bolívar
Bugalagrande,Valle del Cauca
Teorama,Norte de Santander
Vetas,Santander
Cabrera,Santander
Barranco de Loba,Bolívar
San Andrés Sotavento,Córdoba
Tópaga,Boyacá
Puerto Rico,Meta
El Carmen de Bolívar,Bolívar
Chivor,Boyacá
San Pedro de Uraba,Antioquia
Tuluá,Valle del Cauca
La Virginia,Risaralda
Vigía del Fuerte,Antioquia
Tabio,Cundinamarca
"Providencia,""Archipiélago de San Andrés, Providencia y Santa Catalina"""
Caimito,Sucre
Turbo,Antioquia
Tocancipá,Cundinamarca
Sabanalarga,Casanare
Nariño,Antioquia
Río Iro,Chocó
Belén,Boyacá
La Ceja,Antioquia
Juradó,Chocó
Cartagena del Chairá,Caquetá
Cisneros,Antioquia
Campoalegre,Huila
Morales,Cauca
Ortega,Tolima
Alcalá,Valle del Cauca
Macanal,Boyacá
Balboa,Cauca
Villa del Rosario,Norte de Santander
Puente Nacional,Santander
Taraira,Vaupés
Tibú,Norte de Santander
Santa Ana,Magdalena
Rosas,Cauca
Campo de La Cruz,Atlántico
Yaguará,Huila
Betania,Antioquia
La Esperanza,Norte de Santander
Galán,Santander
Astrea,Cesar
Pauna,Boyacá
San Onofre,Sucre
Ponedera,Atlántico
El Carmen de Atrato,Chocó
Tauramena,Casanare
Caqueza,Cundinamarca
Curití,Santander
Copacabana,Antioquia
Ricaurte,Cundinamarca
La Celia,Risaralda
Caramanta,Antioquia
Susacón,Boyacá
Papunahua,Vaupés
Pitalito,Huila
Pedraza,Magdalena
La Salina,Casanare
La Merced,Caldas
Paz de Ariporo,Casanare
Jesús María,Santander
Belén de Bajira,Chocó
González,Cesar
Córdoba,Bolívar
Pulí,Cundinamarca
Sabanalarga,Atlántico
San Sebastián de Buenavista,Magdalena
La Peña,Cundinamarca
Susa,Cundinamarca
Florencia,Caquetá
Angostura,Antioquia
San Carlos,Antioquia
Puerto López,Meta
Guática,Risaralda
Villa de Leyva,Boyacá
Manizales,Caldas
San Vicente,Antioquia
Marsella,Risaralda
San Martín,Meta
Guachetá,Cundinamarca
Sibundoy,Putumayo
Anapoima,Cundinamarca
Supatá,Cundinamarca
Arboletes,Antioquia
Santa María,Boyacá
Vianí,Cundinamarca
Puerto Colombia,Guainía
Barranco Minas,Guainía
Retiro,Antioquia
Neira,Caldas
El Peñón,Bolívar
Leguízamo,Putumayo
Zaragoza,Antioquia
La Tola,Nariño
San Martín,Cesar
Mahates,Bolívar
Soatá,Boyacá
Honda,Tolima
Lenguazaque,Cundinamarca
Yarumal,Antioquia
Uramita,Antioquia
Ventaquemada,Boyacá
Cicuco,Bolívar
Gambita,Santander
Nuquí,Chocó
Pijiño del Carmen,Magdalena
Cartagena,Bolívar
Santa Rosa del Sur,Bolívar
Quípama,Boyacá
San Luis de Sincé,Sucre
Pueblo Nuevo,Córdoba
Sáchica,Boyacá
Norcasia,Caldas
Sácama,Casanare
La Montañita,Caquetá
Tuchín,Córdoba
Oporapa,Huila
Coveñas,Sucre
Aracataca,Magdalena
Guamo,Tolima
Cucutilla,Norte de Santander
Barbosa,Antioquia
Carmen de Apicala,Tolima
Bogotá D.C.,Bogotá D.C.
Cuítiva,Boyacá
Quibdó,Chocó
Chinú,Córdoba
San Benito,Santander
San Cayetano,Cundinamarca
Palmas del Socorro,Santander
Tona,Santander
Tiquisio,Bolívar
Bojacá,Cundinamarca
Manatí,Atlántico
Roberto Payán,Nariño
Guatavita,Cundinamarca
Don Matías,Antioquia
El Bagre,Antioquia
Orocué,Casanare
Espinal,Tolima
Ocamonte,Santander
Jamundí,Valle del Cauca
Villanueva,Casanare
Liborina,Antioquia
Canalete,Córdoba
Charalá,Santander
Totoró,Cauca
El Espino,Boyacá
Cajamarca,Tolima
Landázuri,Santander
Guavatá,Santander
Santa Sofía,Boyacá
Tibasosa,Boyacá
Río Quito,Chocó
Yotoco,Valle del Cauca
San Luis de Gaceno,Boyacá
Ovejas,Sucre
Medio San Juan,Chocó
Choachí,Cundinamarca
Coloso,Sucre
Carolina,Antioquia
El Paso,Cesar
Tesalia,Huila
Calima,Valle del Cauca
Barranca de Upía,Meta
Balboa,Risaralda
Fomeque,Cundinamarca
Saladoblanco,Huila
Santiago de Tolú,Sucre
Talaigua Nuevo,Bolívar
Mapiripana,Guainía
Aguachica,Cesar
Tadó,Chocó
Santa Rosa de Cabal,Risaralda
Quimbaya,Quindío
Abriaquí,Antioquia
Maripí,Boyacá
Barranquilla,Atlántico
San Antonio,Tolima
Puerto Parra,Santander
Pesca,Boyacá
San Zenón,Magdalena
Carmen de Carupa,Cundinamarca
Siachoque,Boyacá
Sapuyes,Nariño
Dolores,Tolima
Rionegro,Antioquia
Ambalema,Tolima
Pueblo Viejo,Magdalena
Altamira,Huila
Socotá,Boyacá
Baraya,Huila
Gamarra,Cesar
Líbano,Tolima
Pana Pana,Guainía
Armero,Tolima
Carepa,Antioquia
San Juan de Arama,Meta
Cabuyaro,Meta
Pacoa,Vaupés
Giraldo,Antioquia
Puerres,Nariño
Repelón,Atlántico
Bolívar,Valle del Cauca
Aratoca,Santander
Colón,Nariño
Chipatá,Santander
Los Córdobas,Córdoba
San Juan de Río Seco,Cundinamarca
Togüí,Boyacá
Concordia,Antioquia
Venecia,Antioquia
El Rosal,Cundinamarca
San Miguel de Sema,Boyacá
Santa Rosa de Osos,Antioquia
Piedras,Tolima
Panqueba,Boyacá
Necoclí,Antioquia
Simití,Bolívar
Chinácota,Norte de Santander
Los Santos,Santander
Suesca,Cundinamarca
María la Baja,Bolívar
Prado,Tolima
Santa Isabel,Tolima
Argelia,Cauca
Subachoque,Cundinamarca
San Estanislao,Bolívar
Guacarí,Valle del Cauca
Cértegui,Chocó
Chía,Cundinamarca
Cómbita,Boyacá
Alpujarra,Tolima
Paipa,Boyacá
Olaya Herrera,Nariño
Granada,Cundinamarca
Yalí,Antioquia
Nuevo Colón,Boyacá
Cucaita,Boyacá
Yolombó,Antioquia
Sevilla,Valle del Cauca
Cabrera,Cundinamarca
Altos del Rosario,Bolívar
Morroa,Sucre
Villanueva,Santander
Isnos,Huila
Chimichagua,Cesar
Miraflores,Boyacá
Obando,Valle del Cauca
Sora,Boyacá
Fresno,Tolima
Casabianca,Tolima
Zipaquirá,Cundinamarca
Samaná,Caldas
Puerto Concordia,Meta
Usiacurí,Atlántico
Tarqui,Huila
Ciénaga de Oro,Córdoba
Fosca,Cundinamarca
Dabeiba,Antioquia
Mariquita,Tolima
Puerto Lleras,Meta
Ubaque,Cundinamarca
Santo Domingo,Antioquia
Vegachí,Antioquia
Tamalameque,Cesar
Envigado,Antioquia
Albán,Cundinamarca
La Gloria,Cesar
Montecristo,Bolívar
Los Palmitos,Sucre
Albán,Nariño
Carcasí,Santander
Cereté,Córdoba
Pácora,Caldas
Chivolo,Magdalena
Magüí,Nariño
Fuente de Oro,Meta
Páez,Cauca
Potosí,Nariño
Cota,Cundinamarca
Ulloa,Valle del Cauca
La Victoria,Boyacá
Anolaima,Cundinamarca
Risaralda,Caldas
Toro,Valle del Cauca
San Pedro,Sucre
Bagadó,Chocó
Medellín,Antioquia
Bello,Antioquia
Yacuanquer,Nariño
Gutiérrez,Cundinamarca
Chíquiza,Boyacá
Santafé de Antioquia,Antioquia
Rovira,Tolima
La Pintada,Antioquia
Buenos Aires,Cauca
San Francisco,Cundinamarca
Turbaco,Bolívar
Cañasgordas,Antioquia
La Pedrera,Amazonas
Cáceres,Antioquia
La Vega,Cundinamarca
Pital,Huila
Macheta,Cundinamarca
Puerto Alegría,Amazonas
Junín,Cundinamarca
Pajarito,Boyacá
Zapayán,Magdalena
Buenavista,Sucre
Amalfi,Antioquia
Murillo,Tolima
Lérida,Tolima
Hacarí,Norte de Santander
Río de Oro,Cesar
El Molino,La Guajira
Montenegro,Quindío
Gameza,Boyacá
Ituango,Antioquia
Bucarasica,Norte de Santander
Arauca,Arauca
San Joaquín,Santander
Quinchía,Risaralda
Río Viejo,Bolívar
San José de Miranda,Santander
Pore,Casanare
Coromoro,Santander
Gigante,Huila
Bojaya,Chocó
Guataquí,Cundinamarca
Marquetalia,Caldas
Maicao,La Guajira
Socha,Boyacá
Útica,Cundinamarca
El Guacamayo,Santander
Aipe,Huila
Beltrán,Cundinamarca
San Bernardo,Cundinamarca
La Apartada,Córdoba
Socorro,Santander
Guamal,Magdalena
Colombia,Huila
Puerto Carreño,Vichada
Recetor,Casanare
Enciso,Santander
Vergara,Cundinamarca
Chaparral,Tolima
Córdoba,Quindío
Fusagasugá,Cundinamarca
Sasaima,Cundinamarca
Puerto Santander,Norte de Santander
Suan,Atlántico
La Palma,Cundinamarca
Palmar de Varela,Atlántico
Fundación,Magdalena
Sutamarchán,Boyacá
Albania,La Guajira
Falan,Tolima
Cubará,Boyacá
Villanueva,La Guajira
El Litoral del San Juan,Chocó
Cumbitara,Nariño
San Sebastián,Cauca
El Zulia,Norte de Santander
Andes,Antioquia
Cocorná,Antioquia
Valencia,Córdoba
Santa Bárbara,Antioquia
Tocaima,Cundinamarca
Funza,Cundinamarca
El Playón,Santander
Urrao,Antioquia
Mocoa,Putumayo
Tubará,Atlántico
Santo Tomás,Atlántico
Confines,Santander
San Vicente del Caguán,Caquetá
Salamina,Magdalena
Suaza,Huila
Olaya,Antioquia
Puerto Asís,Putumayo
Nimaima,Cundinamarca
Samaniego,Nariño
Facatativá,Cundinamarca
López,Cauca
Planeta Rica,Córdoba
San Cayetano,Norte de Santander
Agustín Codazzi,Cesar
Labateca,Norte de Santander
Cacahual,Guainía
Flandes,Tolima
Campohermoso,Boyacá
Saldaña,Tolima
Bucaramanga,Santander
Aguada,Santander
San Benito Abad,Sucre
San Pedro,Valle del Cauca
El Roble,Sucre
San Francisco,Antioquia
Gachala,Cundinamarca
Fonseca,La Guajira
Pelaya,Cesar
Jericó,Antioquia
Fredonia,Antioquia
La Playa,Norte de Santander
Mercaderes,Cauca
Puerto Escondido,Córdoba
Villa Rica,Cauca
Caldono,Cauca
Valdivia,Antioquia
Lejanías,Meta
Simacota,Santander
San Pelayo,Córdoba
Sonsón,Antioquia
El Piñon,Magdalena
Galapa,Atlántico
Santa Rosa,Bolívar
Hato Corozal,Casanare
La Llanada,Nariño
Boyacá,Boyacá
San Agustín,Huila
Yopal,Casanare
El Rosario,Nariño
Dagua,Valle del Cauca
Marmato,Caldas
Padilla,Cauca
Zapatoca,Santander
Gramalote,Norte de Santander
Venadillo,Tolima
Covarachía,Boyacá
Roncesvalles,Tolima
Tenerife,Magdalena
Betulia,Antioquia
Almeida,Boyacá
Belén,Nariño
La Paz,Santander
Durania,Norte de Santander
Becerril,Cesar
Firavitoba,Boyacá
Nóvita,Chocó
Caicedonia,Valle del Cauca
Venecia,Cundinamarca
Cachirá,Norte de Santander
Cúcuta,Norte de Santander
Ginebra,Valle del Cauca
El Cocuy,Boyacá
Motavita,Boyacá
Mitú,Vaupés
Guapotá,Santander
El Cairo,Valle del Cauca
Santiago,Putumayo
Guarne,Antioquia
Orito,Putumayo
Tangua,Nariño
Corrales,Boyacá
Zarzal,Valle del Cauca
Floridablanca,Santander
Puerto Salgar,Cundinamarca
Córdoba,Nariño
Montería,Córdoba
El Guamo,Bolívar
Zipacón,Cundinamarca
Manzanares,Caldas
Filandia,Quindío
Entrerrios,Antioquia
Oiba,Santander
La Florida,Nariño
San Diego,Cesar
Galeras,Sucre
Jambaló,Cauca
El Peñón,Santander
Ansermanuevo,Valle del Cauca
El Calvario,Meta
Convención,Norte de Santander
Villanueva,Bolívar
El Charco,Nariño
Duitama,Boyacá
Zambrano,Bolívar
Pasca,Cundinamarca
San Juan de Betulia,Sucre
Ricaurte,Nariño
Cumaribo,Vichada
Tierralta,Córdoba
Villa Caro,Norte de Santander
Rionegro,Santander
Palmar,Santander
Chimá,Córdoba
Salento,Quindío
Piendamó,Cauca
Arcabuco,Boyacá
Chocontá,Cundinamarca
Salazar,Norte de Santander
Clemencia,Bolívar
La Estrella,Antioquia
Cachipay,Cundinamarca
Marinilla,Antioquia
Medio Atrato,Chocó
Corozal,Sucre
Simijaca,Cundinamarca
Paya,Boyacá
Algeciras,Huila
El Peñol,Nariño
Villamaría,Caldas
El Cantón del San Pablo,Chocó
Moñitos,Córdoba
Soracá,Boyacá
Los Andes,Nariño
Apulo,Cundinamarca
Toledo,Antioquia
Leticia,Amazonas
El Banco,Magdalena
Oicatá,Boyacá
Manaure,Cesar
El Encanto,Amazonas
San Eduardo,Boyacá
La Chorrera,Amazonas
Sitionuevo,Magdalena
Betéitiva,Boyacá
Tibacuy,Cundinamarca
Suratá,Santander
Tinjacá,Boyacá
Toca,Boyacá
Vista Hermosa,Meta
San Vicente de Chucurí,Santander
Acandí,Chocó
Floresta,Boyacá
Mosquera,Nariño
La Capilla,Boyacá
Peñol,Antioquia
Páez,Boyacá
Mutatá,Antioquia
Iquira,Huila
El Paujil,Caquetá
Leiva,Nariño
Guasca,Cundinamarca
Cimitarra,Santander
San Juan del Cesar,La Guajira
El Carmen,Norte de Santander
La Belleza,Santander
Tasco,Boyacá
Tununguá,Boyacá
San Lorenzo,Nariño
Mogotes,Santander
Puerto Libertador,Córdoba
Sucre,Cauca
Calamar,Bolívar
El Tambo,Cauca
El Tambo,Nariño
Majagual,Sucre
Nemocón,Cundinamarca
Corinto,Cauca
Soledad,Atlántico
Hispania,Antioquia
Güepsa,Santander
Villavicencio,Meta
Cumaral,Meta
Ariguaní,Magdalena
Charta,Santander
Almaguer,Cauca
Hato,Santander
Viterbo,Caldas
Cumbal,Nariño
Aldana,Nariño
Villarrica,Tolima
Alejandría,Antioquia
Quipile,Cundinamarca
San Rafael,Antioquia
Caparrapí,Cundinamarca
Trinidad,Casanare
San Andrés de Tumaco,Nariño
Arbeláez,Cundinamarca
Nariño,Nariño
Miriti Paraná,Amazonas
Bolívar,Santander
San Juan de Urabá,Antioquia
Sampués,Sucre
Palestina,Caldas
Morales,Bolívar
Santa Lucía,Atlántico
Vijes,Valle del Cauca
Granada,Meta
El Dovio,Valle del Cauca
Campamento,Antioquia
Morichal,Guainía
Fortul,Arauca
Sotara,Cauca
Contadero,Nariño
Bochalema,Norte de Santander
Ataco,Tolima
Túquerres,Nariño
Barbosa,Santander
Castilla la Nueva,Meta
Guachené,Cauca
Chivatá,Boyacá
Montelíbano,Córdoba
Milán,Caquetá
Macaravita,Santander
Nunchía,Casanare
Uribe,Meta
San Carlos de Guaroa,Meta
Gachancipá,Cundinamarca
Florián,Santander
Viotá,Cundinamarca
Aguadas,Caldas
Anza,Antioquia
Hobo,Huila
Taminango,Nariño
Cerro San Antonio,Magdalena
Palestina,Huila
Planadas,Tolima
Yacopí,Cundinamarca
Santa Helena del Opón,Santander
Ciénega,Boyacá
Guayatá,Boyacá
La Unión,Antioquia
Ciénaga,Magdalena
Yumbo,Valle del Cauca
Mallama,Nariño
Dibula,La Guajira
Pereira,Risaralda
Miranda,Cauca
San Antonio del Tequendama,Cundinamarca
Madrid,Cundinamarca
Ibagué,Tolima
Cepitá,Santander
Puerto Colombia,Atlántico
Berbeo,Boyacá
Los Patios,Norte de Santander
Rivera,Huila
Arauquita,Arauca
San Bernardo del Viento,Córdoba
Teruel,Huila
Puerto Santander,Amazonas
La Victoria,Valle del Cauca
Buenavista,Quindío
Anserma,Caldas
Pueblo Rico,Risaralda
Pivijay,Magdalena
Nocaima,Cundinamarca
Pailitas,Cesar
Bahía Solano,Chocó
Pueblo Bello,Cesar
Roldanillo,Valle del Cauca
Yavaraté,Vaupés
Imués,Nariño
Contratación,Santander
Girardot,Cundinamarca
Santa María,Huila
Albania,Santander
Pijao,Quindío
Guamal,Meta
Riohacha,La Guajira
Coello,Tolima
Cotorra,Córdoba
Sutatenza,Boyacá
Gómez Plata,Antioquia
Distracción,La Guajira
Sogamoso,Boyacá
San Miguel,Santander
San José de La Montaña,Antioquia
El Tarra,Norte de Santander
Belalcázar,Caldas
Soacha,Cundinamarca
Apía,Risaralda
Chitagá,Norte de Santander
La Jagua de Ibirico,Cesar
Santiago,Norte de Santander
Cartago,Valle del Cauca
Hatonuevo,La Guajira
Miraflores,Guaviare
Cuaspud,Nariño
Nariño,Cundinamarca
Piamonte,Cauca
Encino,Santander
San Luis,Tolima
Guapi,Cauca
Pamplona,Norte de Santander
Tarazá,Antioquia
Rondón,Boyacá
Baranoa,Atlántico
San Juanito,Meta
Guateque,Boyacá
San Jerónimo,Antioquia
Jenesano,Boyacá
Elías,Huila
Mapiripán,Meta
Gama,Cundinamarca
Solano,Caquetá
Zona Bananera,Magdalena
Valle de Guamez,Putumayo
Umbita,Boyacá
Salamina,Caldas
Angelópolis,Antioquia
Calarcá,Quindío
Armenia,Antioquia
Cerrito,Santander
Linares,Nariño
Melgar,Tolima
Florida,Valle del Cauca
Cajicá,Cundinamarca
Mompós,Bolívar
Funes,Nariño
Sopetrán,Antioquia
La Mesa,Cundinamarca
Cogua,Cundinamarca
"San Andrés,""Archipiélago de San Andrés, Providencia y Santa Catalina"""
Coyaima,Tolima
Muzo,Boyacá
Inzá,Cauca
Puerto Rico,Caquetá
Abejorral,Antioquia
El Tablón de Gómez,Nariño
San Gil,Santander
Palermo,Huila
Medina,Cundinamarca
Monterrey,Casanare
Sabanas de San Angel,Magdalena
Maní,Casanare
Sabanagrande,Atlántico
Génova,Quindío
La Dorada,Caldas
Pradera,Valle del Cauca
Urumita,La Guajira
Dosquebradas,Risaralda
Jericó,Boyacá
Molagavita,Santander
El Dorado,Meta
Tame,Arauca
San Pablo de Borbur,Boyacá
Ipiales,Nariño
Mosquera,Cundinamarca
Villavieja,Huila
Sabaneta,Antioquia
Inírida,Guainía
Gachantivá,Boyacá
Soplaviento,Bolívar
Candelaria,Atlántico
Algarrobo,Magdalena
Unguía,Chocó
Segovia,Antioquia
Timbío,Cauca
La Argentina,Huila
La Unión,Nariño
La Guadalupe,Guainía
San Andrés de Cuerquía,Antioquia
Buena Vista,Boyacá
Sardinata,Norte de Santander
Sipí,Chocó
San Luis,Antioquia
Riosucio,Caldas
Riosucio,Chocó
Guadalupe,Huila
Acevedo,Huila
Piojó,Atlántico
Mesetas,Meta
Pueblorrico,Antioquia
Ragonvalia,Norte de Santander
Sopó,Cundinamarca
Herrán,Norte de Santander
Viracachá,Boyacá
Güicán,Boyacá
Apartadó,Antioquia
La Sierra,Cauca
Arenal,Bolívar
San Jacinto,Bolívar
Peque,Antioquia
Puerto Guzmán,Putumayo
Chalán,Sucre
Paicol,Huila
La Calera,Cundinamarca
Norosí,Bolívar
Magangué,Bolívar
Anzoátegui,Tolima
Villagómez,Cundinamarca
Quebradanegra,Cundinamarca
Pachavita,Boyacá
Paz de Río,Boyacá
San Miguel,Putumayo
Chiquinquirá,Boyacá
Tutazá,Boyacá
Silvania,Cundinamarca
Pamplonita,Norte de Santander
Valle de San José,Santander
Argelia,Antioquia
Paratebueno,Cundinamarca
Arboledas,Norte de Santander
Regidor,Bolívar
Nilo,Cundinamarca
Puerto Nariño,Amazonas
La Victoria,Amazonas
Ebéjico,Antioquia
Guadalajara de Buga,Valle del Cauca
Briceño,Antioquia
Lloró,Chocó
Lebríja,Santander
Cubarral,Meta
Guayabetal,Cundinamarca
Vélez,Santander
Arboleda,Nariño
Mutiscua,Norte de Santander
La Macarena,Meta
Puerto Triunfo,Antioquia
San Alberto,Cesar
Filadelfia,Caldas
Arjona,Bolívar
Guadalupe,Santander
La Plata,Huila
Buenavista,Córdoba
Ciudad Bolívar,Antioquia
Piedecuesta,Santander
Mistrató,Risaralda
Coper,Boyacá
Atrato,Chocó
Natagaima,Tolima
Concordia,Magdalena
Santa Rosalía,Vichada
Sabanalarga,Antioquia
Girardota,Antioquia
Caldas,Antioquia
Chitaraque,Boyacá
Santa Rosa de Viterbo,Boyacá
Amagá,Antioquia
San Jacinto del Cauca,Bolívar
Unión Panamericana,Chocó
El Peñón,Cundinamarca
Santa Marta,Magdalena
San Bernardo,Nariño
Valledupar,Cesar
La Primavera,Vichada
Granada,Antioquia
Tausa,Cundinamarca
Suaita,Santander
Albania,Caquetá
Jardín,Antioquia
Palocabildo,Tolima
San Calixto,Norte de Santander
Santander de Quilichao,Cauca
Pinchote,Santander
Cucunubá,Cundinamarca
Santana,Boyacá
Restrepo,Valle del Cauca
Tarapacá,Amazonas
Cravo Norte,Arauca
Timbiquí,Cauca
Barrancas,La Guajira
Medio Baudó,Chocó
Chachagüí,Nariño
Trujillo,Valle del Cauca
Momil,Córdoba
Carurú,Vaupés
Girón,Santander
Margarita,Bolívar
Támesis,Antioquia
Chimá,Santander
Valle de San Juan,Tolima
Jerusalén,Cundinamarca
Hatillo de Loba,Bolívar
Anorí,Antioquia
El Carmen de Chucurí,Santander
Patía,Cauca
Otanche,Boyacá
Toribio,Cauca
Iza,Boyacá
Barbacoas,Nariño
Garzón,Huila
La Unión,Valle del Cauca
El Cerrito,Valle del Cauca
San Juan Nepomuceno,Bolívar
Chipaque,Cundinamarca
Quetame,Cundinamarca
Caucasia,Antioquia
California,Santander
El Colegio,Cundinamarca
Rio Blanco,Tolima
San Pedro,Antioquia
Suárez,Tolima
San José del Guaviare,Guaviare
Pupiales,Nariño
Pensilvania,Caldas
El Doncello,Caquetá
Cácota,Norte de Santander
Villahermosa,Tolima
La Vega,Cauca
Puerto Berrío,Antioquia
Bolívar,Cauca
Tota,Boyacá
Tibaná,Boyacá
Chinavita,Boyacá
Puerto Wilches,Santander
Alvarado,Tolima
Fúquene,Cundinamarca
San José,Caldas
San José del Palmar,Chocó
San Luis de Gaceno,Casanare
Santa Rosa,Cauca
Marulanda,Caldas
La Cumbre,Valle del Cauca
Sahagún,Córdoba
San José del Fragua,Caquetá
Palmira,Valle del Cauca
Maceo,Antioquia
La Unión,Sucre
Villa de San Diego de Ubate,Cundinamarca
Sucre,Sucre
El Carmen de Viboral,Antioquia
Circasia,Quindío
Andalucía,Valle del Cauca
Ospina,Nariño
San Cristóbal,Bolívar
San Pablo de Borbur,Bolívar
Providencia,Nariño
Belmira,Antioquia
Chigorodó,Antioquia
Aquitania,Boyacá
Sativanorte,Boyacá
Sutatausa,Cundinamarca
Tuta,Boyacá
Bosconia,Cesar
Carmen del Darien,Chocó
Belén de Umbría,Risaralda
Puerto Nare,Antioquia
Malambo,Atlántico
Sotaquirá,Boyacá
Guayabal de Siquima,Cundinamarca
Tibirita,Cundinamarca
Garagoa,Boyacá
Chinchiná,Caldas
Une,Cundinamarca
Tenza,Boyacá
Silvia,Cauca
Murindó,Antioquia
Purísima,Córdoba
Neiva,Huila
Saravena,Arauca
Tipacoque,Boyacá
El Santuario,Antioquia
Tunja,Boyacá
Sincelejo,Sucre
San Francisco,Putumayo
Morelia,Caquetá
Guacamayas,Boyacá
Guachucal,Nariño
Belén de Los Andaquies,Caquetá
Guatapé,Antioquia
La Uvita,Boyacá
Támara,Casanare
Ubalá,Cundinamarca
Nechí,Antioquia
Versalles,Valle del Cauca
Chámeza,Casanare
Arroyohondo,Bolívar
Pinillos,Bolívar
Ocaña,Norte de Santander
La Jagua del Pilar,La Guajira
Tenjo,Cundinamarca
Caldas,Boyacá
Tarso,Antioquia
Puerto Arica,Amazonas
Zetaquira,Boyacá
Cantagallo,Bolívar
Samacá,Boyacá
Buenaventura,Valle del Cauca
Mongua,Boyacá
Icononzo,Tolima
Francisco Pizarro,Nariño
Villeta,Cundinamarca
Santuario,Risaralda
Montebello,Antioquia
Nueva Granada,Magdalena
Saboyá,Boyacá
San Felipe,Guainía
Buriticá,Antioquia
Sucre,Santander
San Pablo,Nariño
Barichara,Santander
Victoria,Caldas
Salgar,Antioquia
Tena,Cundinamarca
Turbaná,Bolívar
Supía,Caldas
Armenia,Quindío
El Retorno,Guaviare
Betulia,Santander
